{"cameraMode":{"drawMode":0,"name":"Shaded","section":"Shading Mode"},"sceneLighting":true,"audioPlay":false,"sceneViewState":{"m_AlwaysRefresh":false,"showFog":true,"showSkybox":true,"showFlares":true,"showImageEffects":true,"showParticleSystems":true,"showVisualEffectGraphs":true,"m_FxEnabled":true},"in2DMode":false,"pivot":{"x":0.031421661376953128,"y":-5.034694671630859,"z":-0.1813521385192871},"rotation":{"x":-0.25995099544525149,"y":0.7360228300094605,"z":-0.4846566915512085,"w":-0.3948054313659668},"size":14.049093246459961,"orthographic":false}