{"cameraMode":{"drawMode":0,"name":"Shaded","section":"Shading Mode"},"sceneLighting":false,"audioPlay":false,"sceneViewState":{"m_AlwaysRefresh":false,"showFog":true,"showSkybox":false,"showFlares":true,"showImageEffects":true,"showParticleSystems":true,"showVisualEffectGraphs":true,"m_FxEnabled":true},"in2DMode":false,"pivot":{"x":-0.7732933759689331,"y":0.9595363736152649,"z":-1.509625792503357},"rotation":{"x":-0.0036421557888388635,"y":0.9937212467193604,"z":-0.10654395073652268,"w":-0.03399961069226265},"size":1.588665246963501,"orthographic":false}